{
  "bot_id": "sp500_5m",
  "market": {
    "epic": "US500",
    "resolution": "MINUTE_5"
  },
  "schedule": {
    "timezone": "America/New_York",
    "rth_start": "09:30",
    "rth_end": "16:00",
    "rth_enabled": true,
    "disable_thursday_utc": true
  },
  "risk": {
    "bot_equity": 25000,
    "risk_pct": 0.02,
    "value_per_point_per_size": 1.0,
    "exit_bars": 24
  },
  "strategy": {
    "module": "capbot.strategies.us500_5m_sma_spec:US500_5m_SMA_SPEC",
    "params": {}
  },
  "engine": {
    "entry_mode": "SIGNAL_CLOSE",
    "close_outside_rth": false,
    "exit_priority": "TP_THEN_SL",
    "mgmt_mode": "SP500_BE_TRAIL"
  },
  "email": {
    "enabled": true
  },
  "engine_overrides": {
    "entry_mode": "SIGNAL_CLOSE",
    "exit_priority": "TP_FIRST",
    "mode": "sp500_5m_spec",
    "close_outside_rth": false
  }
}