{
  "bot_id": "sp500_5m_rth",
  "email": {
    "enabled": true
  },
  "engine": {
    "close_outside_rth": false,
    "entry_mode": "SIGNAL_CLOSE",
    "exit_priority": "TP_THEN_SL",
    "mgmt_mode": "SP500_BE_TRAIL"
  },
  "engine_overrides": {
    "close_outside_rth": false,
    "entry_mode": "SIGNAL_CLOSE",
    "exit_priority": "TP_FIRST",
    "mode": "sp500_5m_spec"
  },
  "market": {
    "epic": "US500",
    "resolution": "MINUTE_5"
  },
  "risk": {
    "bot_equity": 25000,
    "exit_bars": 24,
    "risk_pct": 0.02,
    "value_per_point_per_size": 1.0
  },
  "schedule": {
    "disable_thursday_utc": false,
    "rth_enabled": true,
    "rth_end": "16:00",
    "rth_start": "09:30",
    "timezone": "America/New_York"
  },
  "strategy": {
    "module": "capbot.strategies.sp500_5m_final:SP500_5M_FINAL",
    "params": {}
  }
}
