{
  "bot_id": "sp500_5m_spec",
  "poll_seconds": 30,
  "http_timeout": 30,
  "account": {
    "account_id": "${CAPITAL_ACCOUNT_ID}"
  },
  "market": {
    "epic": "US500",
    "resolution": "MINUTE_5",
    "warmup_bars": 600
  },
  "schedule": {
    "timezone": "America/New_York",
    "rth_start": "09:30",
    "rth_end": "16:00",
    "rth_enabled": true,
    "disable_thursday_utc": false
  },
  "strategy": {
    "module": "capbot.strategies.sp500_5m_spec:SP5005MSpec",
    "params": {
      "VOL_WINDOW": 20,
      "BODY_MIN": 0.7,
      "VOL_REL_MIN": 0.7,
      "SL_ATR": 1.0,
      "VWAP_TZ": "America/New_York",
      "VWAP_DISTANCE_K": 0.2,
      "RSI_LONG_MAX": 75,
      "RSI_SHORT_MIN": 40,
      "BEAR_PREV3_LONG": 2,
      "BULL_PREV3_SHORT": 2,
      "RSI_LEN": 14,
      "ATR_LEN": 14,
      "TP_ATR": 3.0,
      "DEBUG_CHECKS": true
    }
  },
  "risk": {
    "bot_equity": 25000.0,
    "risk_pct": 0.02,
    "value_per_point_per_size": 1.0,
    "exit_bars": 24
  },
  "trailing": {
    "enabled": true,
    "buffer_r": 0.1
  },
  "circuit_breaker": {
    "losses": 3,
    "cooldown_min": 60
  },
  "notifications": {
    "email_enabled": true
  },
  "startup_smoke_test": {
    "enabled": false,
    "direction": "BUY",
    "size": 0.1,
    "sleep_seconds": 5,
    "force_demo_only": true
  },
  "startup_test": {
    "enabled": false
  },
  "engine_overrides": {
    "mode": "sp500_5m_spec",
    "exit_priority": "TP_FIRST"
  },
  "timezone": {
    "tz_name": "America/New_York"
  }
}
