{
  "bot_id": "my_bot",
  "poll_seconds": 30,
  "http_timeout": 30,
  "account": {
    "account_id": "${CAPITAL_ACCOUNT_ID}"
  },
  "market": {
    "epic": "EPIC_HERE",
    "resolution": "MINUTE_5",
    "warmup_bars": 600
  },
  "schedule": {
    "timezone": "Europe/Berlin",
    "rth_start": "09:30",
    "rth_end": "17:30"
  },
  "strategy": {
    "module": "capbot.strategies.vwap_pullback_rsi:VWAPPullbackRSI",
    "params": {}
  },
  "risk": {
    "bot_equity": 25000,
    "risk_pct": 0.02,
    "value_per_point_per_size": 1.0,
    "exit_bars": 24
  },
  "trailing": {
    "enabled": true,
    "buffer_r": 0.1
  },
  "circuit_breaker": {
    "losses": 3,
    "cooldown_min": 60
  },
  "notifications": {
    "email_enabled": true
  }
}